Workbook

Sheet Dataset Properties Soils
B2: Sample | C2: Correlation | D2: Particle Size Analysis of Soils (weight retained in grams) | K2: Liquid | L2: Plastic | M2: Plasticity | N2: AASHTO | O2: SUCS | P2: Soil | Q2: Natural | R2: Soil Unit Weights | T2: Californian Bearing Ratio test results | W2: Dynamic Cone Penetration Index
C3: Depth | D3: Initial Weight | E3: 3/8" | F3: No. 4 | G3: No.10 | H3: No.40 | I3: No. 200 | J3: Pan | K3: Limit | L3: Limit | M3: Index | N3: Soil | O3: Soil | P3: Description | Q3: moisture | R3: Ɣh | S3: Ɣd | T3: (%)
C4: (cm) | E4: 9.5 | F4: 4.75 | G4: 2 | H4: 0.425 | I4: 0.075 | J4: - | K4: (%) | L4: (%) | M4: (%) | N4: Classification | O4: Classification | Q4: content (%) | R4: (g/cm³) | S4: (g/cm³) | T4: 0,1" | U4: 0,2" | V4: Min. CBR | W4: (mm/blow)
B5: 1 | C5: 22,0 - 34,0 | D5: 200 | E5: 0 | F5: 0 | G5: 0.2 | H5: 1.9 | I5: 6.7 | J5: 191.2 | K5: 75.9 | L5: 35.8 | M5: 40.1 | N5: A-7-5 | O5: CH | P5: Fat clay | Q5: 29 | R5: 1.71 | S5: 1.3255814 | T5: 2.8 | U5: 3.2 | V5: 2.8 | W5: 60
B6: 2 | C6: 26,0 - 39,5 | D6: 300 | E6: 0 | F6: 0 | G6: 0 | H6: 0.4 | I6: 1.6 | J6: 298 | K6: 56.4 | L6: 54.9 | M6: 1.5 | N6: A-5 | O6: MH | P6: Elastic silt | Q6: 15.1 | R6: 1.91 | S6: 1.6594266 | T6: 8.6 | U6: 8.3 | V6: 8.3 | W6: 22.5
B7: 3 | C7: 37,0 - 60,5 | D7: 200 | E7: 0 | F7: 0 | G7: 0 | H7: 0.4 | I7: 2 | J7: 197.6 | K7: 74.1 | L7: 33.6 | M7: 40.5 | N7: A-7-5 | O7: CH | P7: Fat clay | Q7: 21.3 | R7: 1.87 | S7: 1.5416323 | T7: 3.4 | U7: 3 | V7: 3 | W7: 78
B8: 4 | C8: 23,5 - 39,5 | D8: 200 | E8: 0 | F8: 0 | G8: 0 | H8: 0.8 | I8: 5.1 | J8: 194.1 | K8: 64.8 | L8: 34 | M8: 30.8 | N8: A-7-5 | O8: MH | P8: Elastic silt | Q8: 23.5 | R8: 1.78 | S8: 1.4412955 | T8: 7.6 | U8: 7 | V8: 7 | W8: 32.4
B9: 5 | C9: 35,5 - 51,0 | D9: 200 | E9: 0 | F9: 0 | G9: 0.1 | H9: 0.5 | I9: 2.5 | J9: 196.9 | K9: 89.6 | L9: 40.5 | M9: 49.1 | N9: A-7-5 | O9: CH | P9: Fat clay | Q9: 37.6 | R9: 1.79 | S9: 1.3008721 | T9: 5.9 | U9: 5.2 | V9: 5.2 | W9: 30.7
B10: 6 | C10: 52,0 - 74,5 | D10: 200 | E10: 0 | F10: 0 | G10: 1.3 | H10: 4.4 | I10: 13.1 | J10: 181.2 | K10: 73.7 | L10: 38.3 | M10: 35.4 | N10: A-7-5 | O10: MH | P10: Elastic silt | Q10: 35.5 | R10: 1.8 | S10: 1.3284133 | T10: 3.4 | U10: 3.4 | V10: 3.4 | W10: 74
B11: 7 | C11: 36,5 - 53,0 | D11: 200 | E11: 0 | F11: 0 | G11: 0 | H11: 0.7 | I11: 4.2 | J11: 195.1 | K11: 63.2 | L11: 28.9 | M11: 34.3 | N11: A-7-6 | O11: CH | P11: Fat clay | Q11: 27.5 | R11: 1.78 | S11: 1.3960784 | T11: 2.7 | U11: 3.5 | V11: 2.7 | W11: 54.5
B12: 8 | C12: 26,5 - 48,0 | D12: 200 | E12: 0 | F12: 0.2 | G12: 0.3 | H12: 1.4 | I12: 4.7 | J12: 193.4 | K12: 66.6 | L12: 36.6 | M12: 30 | N12: A-7-5 | O12: MH | P12: Elastic silt | Q12: 27.5 | R12: 1.79 | S12: 1.4039216 | T12: 2.8 | U12: 2.8 | V12: 2.8 | W12: 72
B13: 9 | C13: 31,5 - 46,5 | D13: 200 | E13: 0 | F13: 0 | G13: 0.1 | H13: 0.4 | I13: 4.1 | J13: 195.4 | K13: 74.8 | L13: 44.6 | M13: 30.2 | N13: A-7-5 | O13: MH | P13: Elastic silt | Q13: 27.2 | R13: 1.61 | S13: 1.2657233 | T13: 4.8 | U13: 6.3 | V13: 4.8 | W13: 20.4
B14: 10 | C14: 42,5 - 66,5 | D14: 200 | E14: 0 | F14: 0 | G14: 0.1 | H14: 0.3 | I14: 1.9 | J14: 197.7 | K14: 69.6 | L14: 25.3 | M14: 44.3 | N14: A-7-6 | O14: CH | P14: Fat clay | Q14: 36.7 | R14: 1.81 | S14: 1.3240673 | T14: 2.3 | U14: 1.9 | V14: 1.9 | W14: 120
B15: 11 | C15: 41,0 - 59,5 | D15: 200 | E15: 0 | F15: 0 | G15: 0.1 | H15: 2.1 | I15: 5.5 | J15: 192.3 | K15: 55.4 | L15: 29 | M15: 26.4 | N15: A-7-6 | O15: CH | P15: Fat clay | Q15: 18.8 | R15: 1.59 | S15: 1.3383838 | T15: 3.4 | U15: 3.4 | V15: 3.4 | W15: 61.5
B16: 12 | C16: 42,0 - 55,0 | D16: 200 | E16: 0 | F16: 0 | G16: 0 | H16: 0.6 | I16: 2.7 | J16: 196.7 | K16: 63.5 | L16: 28.6 | M16: 34.9 | N16: A-7-6 | O16: CH | P16: Fat clay | Q16: 19.3 | R16: 2.09 | S16: 1.751886 | T16: 4.2 | U16: 5.1 | V16: 4.2 | W16: 43
... B50: 46 | C50: 16,0 - 34,5 | D50: 500 | E50: 0 | F50: 0 | G50: 0 | H50: 0.6 | I50: 9.8 | J50: 489.6 | K50: 71.1 | L50: 39.8 | M50: 31.3 | N50: A-7-5 | O50: MH | P50: Elastic silt | Q50: 26.1 | R50: 1.72 | S50: 1.3639968 | T50: 6.2 | U50: 4.9 | V50: 4.9 | W50: 45.5

Sheet Tables and Charts
B2: Soil classification | C2: Number of samples | D2: Percentage
B3: Fat clay (CH) | C3: 26 | D3: =C3/$C$8 -> 0.56521739
B4: Lean clay (CL) | C4: 4 | D4: =C4/$C$8 -> 0.086956522
B5: Elastic silt (MH) | C5: 13 | D5: =C5/$C$8 -> 0.2826087
B6: Silt (ML) | C6: 1 | D6: =C6/$C$8 -> 0.02173913
B7: Clayey sand (SC) | C7: 2 | D7: =C7/$C$8 -> 0.043478261
B8: Total | C8: =SUM(C3:C7) -> 46 | D8: =SUM(D3:D7) -> 1
B19: CBR values range | C19: Number of samples
B20: <2 | C20: 3
B21: [2-4) | C21: 16
B22: [4-6) | C22: 18
B23: [6-8) | C23: 5
B24: ≥8 | C24: 4

Sheet Summary Table
C2: Sample | D2: SUCS | E2: Soil Description | F2: Natural | G2: Soil Unit Weights | I2: DCPI values | J2: CBR values
D3: Soil | F3: Moisture | G3: Ɣh | H3: Ɣd
D4: Classification | F4: Content (%) | G4: (g/cm³) | H4: (g/cm³) | I4: (mm/blow) | J4: %
C5: 1 | D5: CH | E5: Fat clay | F5: ='Dataset Properties Soils'!Q5 -> 29 | G5: ='Dataset Properties Soils'!R5 -> 1.71 | H5: ='Dataset Properties Soils'!S5 -> 1.3255814 | I5: 60 | J5: 2.8
C6: 2 | D6: MH | E6: Elastic silt | F6: ='Dataset Properties Soils'!Q6 -> 15.1 | G6: ='Dataset Properties Soils'!R6 -> 1.91 | H6: ='Dataset Properties Soils'!S6 -> 1.6594266 | I6: 22.5 | J6: 8.3
C7: 3 | D7: CH | E7: Fat clay | F7: ='Dataset Properties Soils'!Q7 -> 21.3 | G7: ='Dataset Properties Soils'!R7 -> 1.87 | H7: ='Dataset Properties Soils'!S7 -> 1.5416323 | I7: 78 | J7: 3
C8: 4 | D8: MH | E8: Elastic silt | F8: ='Dataset Properties Soils'!Q8 -> 23.5 | G8: ='Dataset Properties Soils'!R8 -> 1.78 | H8: ='Dataset Properties Soils'!S8 -> 1.4412955 | I8: 32.4 | J8: 7
C9: 5 | D9: CH | E9: Fat clay | F9: ='Dataset Properties Soils'!Q9 -> 37.6 | G9: ='Dataset Properties Soils'!R9 -> 1.79 | H9: ='Dataset Properties Soils'!S9 -> 1.3008721 | I9: 30.7 | J9: 5.2
C10: 6 | D10: MH | E10: Elastic silt | F10: ='Dataset Properties Soils'!Q10 -> 35.5 | G10: ='Dataset Properties Soils'!R10 -> 1.8 | H10: ='Dataset Properties Soils'!S10 -> 1.3284133 | I10: 74 | J10: 3.4
C11: 7 | D11: CH | E11: Fat clay | F11: ='Dataset Properties Soils'!Q11 -> 27.5 | G11: ='Dataset Properties Soils'!R11 -> 1.78 | H11: ='Dataset Properties Soils'!S11 -> 1.3960784 | I11: 54.5 | J11: 2.7
C12: 8 | D12: MH | E12: Elastic silt | F12: ='Dataset Properties Soils'!Q12 -> 27.5 | G12: ='Dataset Properties Soils'!R12 -> 1.79 | H12: ='Dataset Properties Soils'!S12 -> 1.4039216 | I12: 72 | J12: 2.8
C13: 9 | D13: MH | E13: Elastic silt | F13: ='Dataset Properties Soils'!Q13 -> 27.2 | G13: ='Dataset Properties Soils'!R13 -> 1.61 | H13: ='Dataset Properties Soils'!S13 -> 1.2657233 | I13: 20.4 | J13: 4.8
C14: 10 | D14: CH | E14: Fat clay | F14: ='Dataset Properties Soils'!Q14 -> 36.7 | G14: ='Dataset Properties Soils'!R14 -> 1.81 | H14: ='Dataset Properties Soils'!S14 -> 1.3240673 | I14: 120 | J14: 1.9
C15: 11 | D15: CH | E15: Fat clay | F15: ='Dataset Properties Soils'!Q15 -> 18.8 | G15: ='Dataset Properties Soils'!R15 -> 1.59 | H15: ='Dataset Properties Soils'!S15 -> 1.3383838 | I15: 61.5 | J15: 3.4
C16: 12 | D16: CH | E16: Fat clay | F16: ='Dataset Properties Soils'!Q16 -> 19.3 | G16: ='Dataset Properties Soils'!R16 -> 2.09 | H16: ='Dataset Properties Soils'!S16 -> 1.751886 | I16: 43 | J16: 4.2
... C50: 46 | D50: MH | E50: Elastic silt | F50: ='Dataset Properties Soils'!Q50 -> 26.1 | G50: ='Dataset Properties Soils'!R50 -> 1.72 | H50: ='Dataset Properties Soils'!S50 -> 1.3639968 | I50: 45.5 | J50: 4.9
